F1-Macro,Group
0.862262812,Regular Classifier
0.482541713,10 instances
0.636771669,50
0.707031874,100
0.77066838,500